/*
 Navicat Premium Data Transfer

 Source Server         : mysql
 Source Server Type    : MySQL
 Source Server Version : 50717
 Source Host           : localhost:3306
 Source Schema         : study_share

 Target Server Type    : MySQL
 Target Server Version : 50717
 File Encoding         : 65001

 Date: 02/05/2025 12:43:55
*/

SET NAMES utf8mb4;
SET FOREIGN_KEY_CHECKS = 0;

-- ----------------------------
-- Table structure for dict
-- ----------------------------
DROP TABLE IF EXISTS `dict`;
CREATE TABLE `dict`  (
  `id` int(11) NOT NULL AUTO_INCREMENT,
  `group_type` varchar(255) CHARACTER SET utf8 COLLATE utf8_general_ci DEFAULT NULL COMMENT 'еҲҶз»„еҗҚз§°',
  `name` varchar(255) CHARACTER SET utf8 COLLATE utf8_general_ci DEFAULT NULL COMMENT 'еӯ—е…ёеӯ—ж®өеҗҚз§°',
  `value` int(255) DEFAULT NULL COMMENT 'еӯ—е…ёеӯ—ж®өеҖј',
  `sort` int(255) DEFAULT NULL COMMENT 'жҺ’еәҸ',
  PRIMARY KEY (`id`) USING BTREE
) ENGINE = InnoDB AUTO_INCREMENT = 10 CHARACTER SET = utf8 COLLATE = utf8_general_ci ROW_FORMAT = Dynamic;

-- ----------------------------
-- Records of dict
-- ----------------------------
INSERT INTO `dict` VALUES (1, 'language_type', 'иҜӯж–Ү', 1, 1);
INSERT INTO `dict` VALUES (2, 'language_type', 'ж•°еӯҰ', 2, 2);
INSERT INTO `dict` VALUES (3, 'language_type', 'иӢұиҜӯ', 3, 3);
INSERT INTO `dict` VALUES (9, 'language_type', 'зү©зҗҶ', 4, 4);

-- ----------------------------
-- Table structure for s_danmu
-- ----------------------------
DROP TABLE IF EXISTS `s_danmu`;
CREATE TABLE `s_danmu`  (
  `id` int(10) NOT NULL AUTO_INCREMENT,
  `video_id` varchar(255) CHARACTER SET utf8 COLLATE utf8_general_ci DEFAULT NULL COMMENT 'еҪұи§Ҷid',
  `text` varchar(255) CHARACTER SET utf8 COLLATE utf8_general_ci DEFAULT NULL COMMENT 'еј№е№•еҶ…е®№',
  `uid` int(255) DEFAULT NULL COMMENT 'з”ЁжҲ·id\r\n',
  `time` varchar(15) CHARACTER SET utf8 COLLATE utf8_general_ci DEFAULT NULL COMMENT 'еј№е№•еҸ‘еёғж—¶й—ҙ',
  PRIMARY KEY (`id`) USING BTREE
) ENGINE = InnoDB AUTO_INCREMENT = 7 CHARACTER SET = utf8 COLLATE = utf8_general_ci ROW_FORMAT = Dynamic;

-- ----------------------------
-- Records of s_danmu
-- ----------------------------
INSERT INTO `s_danmu` VALUES (1, '1', 'з¬¬дёҖжқЎ', 1, '2025-03-04');
INSERT INTO `s_danmu` VALUES (2, '1', 'haha ', 1, '2025-03-04');
INSERT INTO `s_danmu` VALUES (3, '1', 'lala', 1, '2025-03-04');
INSERT INTO `s_danmu` VALUES (4, '1', 'еҶҚжқҘ', 1, '2025-03-04');
INSERT INTO `s_danmu` VALUES (5, '1', 'е“Ҳе“Ҳ', 1, '2025-03-04');
INSERT INTO `s_danmu` VALUES (6, '1', 'lalala', 1, '2025-04-29');

-- ----------------------------
-- Table structure for s_reply
-- ----------------------------
DROP TABLE IF EXISTS `s_reply`;
CREATE TABLE `s_reply`  (
  `id` int(10) NOT NULL AUTO_INCREMENT COMMENT 'id',
  `talk_id` int(10) NOT NULL COMMENT 'иҜ„и®әиЎЁзҡ„id',
  `user_id` int(10) NOT NULL COMMENT 'еӣһеӨҚдәәзҡ„id',
  `reply_content` varchar(255) CHARACTER SET utf8 COLLATE utf8_general_ci NOT NULL COMMENT 'еӣһеӨҚзҡ„еҶ…е®№',
  `reply_time` datetime(0) DEFAULT NULL COMMENT 'еӣһеӨҚзҡ„ж—¶й—ҙ',
  `rname` varchar(255) CHARACTER SET utf8 COLLATE utf8_general_ci DEFAULT NULL COMMENT 'иў«еӣһеӨҚдәәзҡ„еҗҚз§°',
  `reply_href` varchar(255) CHARACTER SET utf8 COLLATE utf8_general_ci DEFAULT NULL COMMENT 'еӣһеӨҚең°еқҖ',
  PRIMARY KEY (`id`) USING BTREE,
  INDEX `video_talke_id`(`talk_id`) USING BTREE,
  INDEX `user_id`(`user_id`) USING BTREE
) ENGINE = InnoDB AUTO_INCREMENT = 5 CHARACTER SET = utf8 COLLATE = utf8_general_ci ROW_FORMAT = Dynamic;

-- ----------------------------
-- Records of s_reply
-- ----------------------------
INSERT INTO `s_reply` VALUES (1, 1, 1, 'д»–зҡ„и®Ізҡ„д№ҹжҢәеҘҪе•ҠпјҢзңҹзҡ„еӨӘжЈ’дәҶ', '2025-04-29 11:29:09', 'bigWhite', NULL);
INSERT INTO `s_reply` VALUES (2, 2, 1, 'зңӢзңӢжҲ‘зҡ„', '2025-05-02 09:22:56', 'bigWhite', 'localhost:9090/video/getVideo?id=1');
INSERT INTO `s_reply` VALUES (3, 1, 2, 'е“Ҳе•Ҡе“Ҳ', '2025-05-02 09:43:40', 'bigWhite', NULL);
INSERT INTO `s_reply` VALUES (4, 2, 2, 'зңӢеҲ°дәҶпјҢи®Іеҫ—еҫҲеҘҪ', '2025-05-02 09:51:42', 'bigWhite', NULL);

-- ----------------------------
-- Table structure for s_talk
-- ----------------------------
DROP TABLE IF EXISTS `s_talk`;
CREATE TABLE `s_talk`  (
  `id` int(10) NOT NULL AUTO_INCREMENT COMMENT 'id',
  `video_id` int(255) NOT NULL COMMENT 'иў«иҜ„и®әзҡ„и§Ҷйў‘id',
  `user_id` int(10) NOT NULL COMMENT 'иҜ„и®әиҖ…id',
  `talk_content` varchar(255) CHARACTER SET utf8 COLLATE utf8_general_ci NOT NULL COMMENT 'иҜ„и®әеҶ…е®№',
  `publish_time` datetime(0) DEFAULT NULL COMMENT 'иҜ„и®әеҸ‘еёғж—¶й—ҙ',
  `href_info` varchar(255) CHARACTER SET utf8 COLLATE utf8_general_ci DEFAULT NULL COMMENT 'й“ҫжҺҘең°еқҖ',
  PRIMARY KEY (`id`) USING BTREE,
  INDEX `video_id`(`video_id`) USING BTREE,
  INDEX `user_id`(`user_id`) USING BTREE
) ENGINE = InnoDB AUTO_INCREMENT = 4 CHARACTER SET = utf8 COLLATE = utf8_general_ci ROW_FORMAT = Dynamic;

-- ----------------------------
-- Records of s_talk
-- ----------------------------
INSERT INTO `s_talk` VALUES (1, 1, 1, 'иҝҷдёӘи§Ҷйў‘и®Ізҡ„иҝҳдёҚй”ҷпјҢзңӢзңӢжҲ‘зҡ„и§Ҷйў‘жҠҠ', '2025-04-29 11:26:52', 'http://localhost:9090/1');
INSERT INTO `s_talk` VALUES (2, 1, 1, 'еӯҰеҲ°дәҶ', '2025-05-02 09:10:15', NULL);
INSERT INTO `s_talk` VALUES (3, 1, 2, 'жқҘе•Ұ~', '2025-05-02 09:42:44', NULL);

-- ----------------------------
-- Table structure for s_user
-- ----------------------------
DROP TABLE IF EXISTS `s_user`;
CREATE TABLE `s_user`  (
  `id` int(11) NOT NULL AUTO_INCREMENT COMMENT 'дё»й”®',
  `username` varchar(255) CHARACTER SET utf8mb4 COLLATE utf8mb4_general_ci DEFAULT NULL COMMENT 'з”ЁжҲ·еҗҚз§°',
  `password` varchar(255) CHARACTER SET utf8mb4 COLLATE utf8mb4_general_ci DEFAULT NULL COMMENT 'з”ЁжҲ·еҜҶз Ғ',
  `email` varchar(255) CHARACTER SET utf8mb4 COLLATE utf8mb4_general_ci DEFAULT NULL COMMENT 'з”ЁжҲ·йӮ®з®ұ',
  `avatar` varchar(255) CHARACTER SET utf8mb4 COLLATE utf8mb4_general_ci DEFAULT NULL COMMENT 'з”ЁжҲ·еӨҙеғҸ',
  `role` int(255) DEFAULT NULL COMMENT '1з®ЎзҗҶе‘ҳ 0жҷ®йҖҡз”ЁжҲ·',
  PRIMARY KEY (`id`) USING BTREE
) ENGINE = InnoDB AUTO_INCREMENT = 3 CHARACTER SET = utf8mb4 COLLATE = utf8mb4_general_ci ROW_FORMAT = Dynamic;

-- ----------------------------
-- Records of s_user
-- ----------------------------
INSERT INTO `s_user` VALUES (1, 'bigWhite', '4297f44b13955235245b2497399d7a93', '991313901@qq.com', '/pics/4ef322acb5ff44edb48f077dd3a8642a.jpg', 0);
INSERT INTO `s_user` VALUES (2, 'muyang', '4297f44b13955235245b2497399d7a93', NULL, '/pics/6771804c14984a1d99dcc3b27c118aea.jpg', 1);

-- ----------------------------
-- Table structure for s_video
-- ----------------------------
DROP TABLE IF EXISTS `s_video`;
CREATE TABLE `s_video`  (
  `id` int(11) NOT NULL AUTO_INCREMENT,
  `title` varchar(255) CHARACTER SET utf8mb4 COLLATE utf8mb4_general_ci DEFAULT NULL COMMENT 'и§Ҷйў‘ж Үйўҳ',
  `type` int(10) DEFAULT NULL COMMENT 'з§‘зӣ®зұ»еһӢ',
  `pic` varchar(255) CHARACTER SET utf8mb4 COLLATE utf8mb4_general_ci DEFAULT NULL COMMENT 'и§Ҷйў‘е°Ғйқў',
  `base_path` varchar(255) CHARACTER SET utf8mb4 COLLATE utf8mb4_general_ci DEFAULT NULL COMMENT 'и§Ҷйў‘ең°еқҖ',
  `uid` int(11) DEFAULT NULL COMMENT 'з”ЁжҲ·id',
  `status` int(255) DEFAULT NULL COMMENT 'йЈҹе“ҒзҠ¶жҖҒ 0 жңӘе®Ўж ё 1жңӘйҖҡиҝҮ 2йҖҡиҝҮ',
  PRIMARY KEY (`id`) USING BTREE
) ENGINE = InnoDB AUTO_INCREMENT = 3 CHARACTER SET = utf8mb4 COLLATE = utf8mb4_general_ci ROW_FORMAT = Dynamic;

-- ----------------------------
-- Records of s_video
-- ----------------------------
INSERT INTO `s_video` VALUES (1, 'иҜӯж–Үж•ҷеӯҰ', 1, '/pics/6771804c14984a1d99dcc3b27c118aea.jpg', '/videos/83edeeed37ac4167a104452c17f158cb.mp4', 1, 2);
INSERT INTO `s_video` VALUES (2, 'ж•°еӯҰз«һиөӣи®Іи§Ји§Ҷйў‘пјҢжңүе…ҙи¶ЈжқҘзңӢзңӢ', 2, '/pics/b9d2016aff5b4ac1b51e4f3a6c5d2ae4.jpg', '/videos/5fe6eddadf394ef89c34af95e2b99035.mp4', 1, 2);

SET FOREIGN_KEY_CHECKS = 1;
